{
  "website/vite.config.ts": 1778191478.0306256,
  "website/src/App.tsx": 1778191478.0253177,
  "website/src/main.tsx": 1778191478.0300891,
  "website/src/components/Navbar.tsx": 1778191478.0280225,
  "website/src/components/ModelsSection.tsx": 1778191478.0275671,
  "website/src/components/HowItWorksSection.tsx": 1778517571.9403617,
  "website/src/components/UseCasesSection.tsx": 1778191478.0286822,
  "website/src/components/Footer.tsx": 1778191478.0259778,
  "website/src/components/LogosStrip.tsx": 1778191478.0269701,
  "website/src/components/ClosingCTA.tsx": 1778191478.0257375,
  "website/src/components/icons.tsx": 1778191478.028927,
  "website/src/components/HeroSection.tsx": 1778191478.026225,
  "website/src/components/InstallSection.tsx": 1778191478.0267432,
  "website/src/components/MaxModeSection.tsx": 1778191478.0272927,
  "website/src/components/SpecsSection.tsx": 1778517566.4680152,
  "website/src/hooks/useCopyToClipboard.ts": 1778191478.0292952,
  "src/Package.swift": 1774549194.522512,
  "src/Sources/SettingsView.swift": 1778517398.5036418,
  "src/Sources/UsageModels.swift": 1778517398.5039113,
  "src/Sources/NotificationNames.swift": 1778517398.502578,
  "src/Sources/TunnelManager.swift": 1774549194.6069605,
  "src/Sources/UsageStore.swift": 1778517398.5040834,
  "src/Sources/AppPreferences.swift": 1778517398.5017722,
  "src/Sources/LogoView.swift": 1774549194.5232725,
  "src/Sources/CodexUsageProbe.swift": 1778517398.502248,
  "src/Sources/AppDelegate.swift": 1778517398.5010386,
  "src/Sources/ThinkingProxy.swift": 1777846704.457736,
  "src/Sources/main.swift": 1774549194.6070545,
  "src/Sources/DroidProxyModelCatalog.swift": 1777846704.4568398,
  "src/Sources/ServerManager.swift": 1775746502.393389,
  "src/Sources/ClaudeUsageProbe.swift": 1778517398.5020318,
  "src/Sources/IconCatalog.swift": 1774549194.5230775,
  "src/Sources/AuthStatus.swift": 1775408441.8321793,
  "CHANGELOG.md": 1777848865.8599527,
  "SETUP.md": 1776970098.909007,
  "README.md": 1778517497.4715219,
  "AGENTS.md": 1778517509.6451116
}